生成时间,图片数量,所用Excel文件
2025-08-12 14:58:54,5,1
2025-08-12 14:59:05,20,2
2025-08-12 14:59:18,40,3
2025-08-18 10:05:29,5,1
2025-08-18 10:10:23,5,1
2025-08-18 10:10:35,20,2
2025-08-18 10:10:44,40,3
2025-08-26 00:09:54,5,1
2025-08-26 00:10:04,5,1
2025-08-26 00:10:22,20,2
2025-08-26 00:10:32,40,3
2025-08-26 00:34:12,5,1
2025-08-26 00:35:46,5,1
2025-08-26 00:37:13,5,1
2025-08-26 00:37:55,5,1
2025-08-26 00:50:14,5,1
2025-08-26 01:09:14,5,1
2025-08-26 01:12:47,5,1
2025-08-26 01:12:56,20,2
2025-08-26 01:13:05,40,3
